<?xml version="1.0" encoding="UTF-8"?>
<urn:PluginConfiguration isInheritExtendedContractAttributes="false" name="PingDirectory" xmlns:urn="urn:sourceid.org:saml2:adapter:conf">
    <urn:Fields>
        <urn:Field name="LDAP Datastore">LDAP-CBCC39588679EC53FCF7CA470AE07721F3A0BA82</urn:Field>
        <urn:Field name="Search Base">ou=people,dc=example,dc=com</urn:Field>
        <urn:Field name="Search Filter">mail=${username}</urn:Field>
        <urn:Field name="Scope of Search">Subtree</urn:Field>
        <urn:Field name="Case-Sensitive Matching">true</urn:Field>
        <urn:Field name="Display Name Attribute">displayName</urn:Field>
        <urn:Field name="Mail Attribute">mail</urn:Field>
        <urn:Field name="SMS Attribute">mobile</urn:Field>
        <urn:Field name="PingID Username Attribute">mail</urn:Field>
        <urn:Field name="Mail Search Filter">mail=${mail}</urn:Field>
        <urn:Field name="Username Attribute">mail</urn:Field>
        <urn:Field name="Mail Verified Attribute"/>
        <urn:Field name="Enable PingDirectory Detailed Password Policy Requirement Messaging">true</urn:Field>
    </urn:Fields>
    <urn:AdvancedFields>
        <urn:Field name="Display Name Attribute">displayName</urn:Field>
        <urn:Field name="Mail Attribute">mail</urn:Field>
        <urn:Field name="SMS Attribute">mobile</urn:Field>
        <urn:Field name="PingID Username Attribute">mail</urn:Field>
        <urn:Field name="Mail Search Filter">mail=${mail}</urn:Field>
        <urn:Field name="Username Attribute">mail</urn:Field>
        <urn:Field name="Mail Verified Attribute"/>
        <urn:Field name="Enable PingDirectory Detailed Password Policy Requirement Messaging">true</urn:Field>
    </urn:AdvancedFields>
    <urn:Tables>
        <urn:Table name="Authentication Error Overrides"/>
    </urn:Tables>
    <urn:ExtendedContractAttributes>
        <urn:AttributeName>entryUUID</urn:AttributeName>
    </urn:ExtendedContractAttributes>
</urn:PluginConfiguration>