<?xml version="1.0" encoding="UTF-8"?>
<urn:OpenIdConnectProviderPolicy enabled="true" defaultPolicyGroupId="PingAccess" trackUserSessionsForLogout="false" xmlns:urn="urn:pingidentity.com:pf:openid:connect:idp:policy">
    <urn:ProviderPolicyGroup policyId="PingAccess" idTokenLife="5" includeSriInIdToken="true" includeUserInfoInIdToken="true" includeSHashInIdToken="false" returnIdTokenOnRefreshGrant="false" policyName="PingAccess" accessTokenManagerId="jsonWebToken">
        <urn:UserInfoMapping>
            <urn1:AttributeMap Name="entryUUID" Type="LDAP" AttributeSourceId="LDAP" Value="entryUUID" xmlns:urn1="urn:sourceid.org:saml2:metadata-extension:v2"/>
            <urn1:AttributeMap Name="sub" Type="LDAP" AttributeSourceId="LDAP" Value="entryUUID" xmlns:urn1="urn:sourceid.org:saml2:metadata-extension:v2"/>
            <urn1:AttributeMap Name="transUnionPlan" Type="LDAP" AttributeSourceId="LDAP" Value="transUnionPlan" xmlns:urn1="urn:sourceid.org:saml2:metadata-extension:v2"/>
            <urn1:AttributeMap Name="mail" Type="LDAP" AttributeSourceId="LDAP" Value="mail" xmlns:urn1="urn:sourceid.org:saml2:metadata-extension:v2"/>
            <urn1:AttributeMap Name="givenName" Type="LDAP" AttributeSourceId="LDAP" Value="givenName" xmlns:urn1="urn:sourceid.org:saml2:metadata-extension:v2"/>
            <urn1:AttributeMap Name="postalCode" Type="LDAP" AttributeSourceId="LDAP" Value="postalCode" xmlns:urn1="urn:sourceid.org:saml2:metadata-extension:v2"/>
            <urn1:AttributeMap Name="mobile" Type="LDAP" AttributeSourceId="LDAP" Value="mobile" xmlns:urn1="urn:sourceid.org:saml2:metadata-extension:v2"/>
            <urn1:AttributeMap Name="DN" Type="LDAP" AttributeSourceId="LDAP" Value="Subject DN" xmlns:urn1="urn:sourceid.org:saml2:metadata-extension:v2"/>
            <urn1:AttributeMap Name="cn" Type="LDAP" AttributeSourceId="LDAP" Value="cn" xmlns:urn1="urn:sourceid.org:saml2:metadata-extension:v2"/>
            <urn1:AttributeMap Name="l" Type="LDAP" AttributeSourceId="LDAP" Value="l" xmlns:urn1="urn:sourceid.org:saml2:metadata-extension:v2"/>
            <urn1:AttributeMap Name="createTimestamp" Type="LDAP" AttributeSourceId="LDAP" Value="createTimestamp" xmlns:urn1="urn:sourceid.org:saml2:metadata-extension:v2"/>
            <urn1:AttributeMap Name="modifyTimestamp" Type="LDAP" AttributeSourceId="LDAP" Value="modifyTimestamp" xmlns:urn1="urn:sourceid.org:saml2:metadata-extension:v2"/>
            <urn1:AttributeMap Name="street" Type="LDAP" AttributeSourceId="LDAP" Value="street" xmlns:urn1="urn:sourceid.org:saml2:metadata-extension:v2"/>
            <urn1:AttributeMap Name="sn" Type="LDAP" AttributeSourceId="LDAP" Value="sn" xmlns:urn1="urn:sourceid.org:saml2:metadata-extension:v2"/>
            <urn1:AttributeMap Name="state" Type="LDAP" AttributeSourceId="LDAP" Value="st" xmlns:urn1="urn:sourceid.org:saml2:metadata-extension:v2"/>
            <urn1:AttributeMap Name="transUnionMiddleName" Type="LDAP" AttributeSourceId="LDAP" Value="transUnionMiddleName" xmlns:urn1="urn:sourceid.org:saml2:metadata-extension:v2"/>
            <urn1:AttributeMap Name="pwdChangedTime" Type="LDAP" AttributeSourceId="LDAP" Value="pwdChangedTime" xmlns:urn1="urn:sourceid.org:saml2:metadata-extension:v2"/>
            <urn1:AttributeMap Name="transUnionMFA" Type="LDAP" AttributeSourceId="LDAP" Value="transUnionMFA" xmlns:urn1="urn:sourceid.org:saml2:metadata-extension:v2"/>
            <urn1:AttributeSource Id="LDAP" Description="LDAP" Type="LDAP" DataSourceId="LDAP-CBCC39588679EC53FCF7CA470AE07721F3A0BA82" xmlns:urn1="urn:sourceid.org:saml2:metadata-extension:v2">
                <urn1:Parameter Name="filter" Value="entryUUID=${sub}"/>
                <urn1:Parameter Name="search_base" Value="ou=people,dc=example,dc=com"/>
                <urn1:Parameter Name="search_scope" Value="SUBTREE_SCOPE"/>
                <urn1:Parameter Name="memberof_nested_group" Value="false"/>
            </urn1:AttributeSource>
            <urn1:TokenAuthorizationIssuanceCriteria xmlns:urn1="urn:sourceid.org:saml2:metadata-extension:v2"/>
        </urn:UserInfoMapping>
        <urn:scopeAttributesMap/>
        <urn:attributeContractInclusionMap/>
    </urn:ProviderPolicyGroup>
</urn:OpenIdConnectProviderPolicy>