<?xml version="1.0" encoding="UTF-8"?>
<sk:systemKeys xmlns:sk="http://pingidentity.com/2018/01/system-keys">
    <sk:currentKey>
        <sk:key>eyJhbGciOiJkaXIiLCJlbmMiOiJBMTI4Q0JDLUhTMjU2Iiwia2lkIjoiR1JkU1lOZ0FGcCIsInZlcnNpb24iOiIxMC4xLjAuOCIsInppcCI6IkRFRiJ9..LQtch-nRZgTN1Eim6FZ0Wg.yQGKiO_9uE7M3UpIkeS95EM975xvVxEM-n4uetIHiKqAmo7kBiAIvrhwt2yfg6Qw.qfpfpxnVIP2Nxck8zYKDnA</sk:key>
        <sk:generatedTime>2020-07-23T20:08:41.278Z</sk:generatedTime>
    </sk:currentKey>
    <sk:previousKey xsi:nil="true" xmlns:xsi="http://www.w3.org/2001/XMLSchema-instance"/>
    <sk:pendingKey>
        <sk:key>eyJhbGciOiJkaXIiLCJlbmMiOiJBMTI4Q0JDLUhTMjU2Iiwia2lkIjoiR1JkU1lOZ0FGcCIsInZlcnNpb24iOiIxMC4xLjAuOCIsInppcCI6IkRFRiJ9..bRFqqjnJEaTV5mfMOtGgmw.VQ3fkSIvgnQK_ld5Uv65l0Vfl5E5UrIMA-TX5h3U6R1k5StMLGusZCCgJ0P148WB.ARcy_5YjsUqP0DvM8ldNRQ</sk:key>
        <sk:generatedTime>2020-07-23T20:08:41.279Z</sk:generatedTime>
    </sk:pendingKey>
</sk:systemKeys>