<?xml version="1.0" encoding="UTF-8"?>
<urn:AdapterConfiguration authnCtxClassRef="" isInheritAttributeSettings="false" isInheritAttributeMapping="false" maskOgnlValues="false" isInheritExtendedContractAttributes="false" name="ConsentAdapter" xmlns:urn="urn:sourceid.org:saml2:adapter:conf">
    <urn:Fields>
        <urn:Field name="Authentication Endpoint">https://www.tu.demoenvi.com/registration/consent/</urn:Field>
        <urn:Field name="User Name">ConsentAdapter</urn:Field>
        <urn:Field name="Pass Phrase">eyJhbGciOiJkaXIiLCJlbmMiOiJBMTI4Q0JDLUhTMjU2Iiwia2lkIjoiR1JkU1lOZ0FGcCIsInZlcnNpb24iOiIxMC4xLjAuOCJ9..2zQUCcwJxSC-030D26vmHw.IqOLgEDbtLCOPwtT9AwCJw.GK_hdvJtjgxCxypey3O8Tg</urn:Field>
        <urn:Field name="Allowed Subject DN"/>
        <urn:Field name="Allowed Issuer DN"/>
        <urn:Field name="Logout Service Endpoint"/>
        <urn:Field name="Prefix Referenced Attributes">true</urn:Field>
        <urn:Field name="Ignore Untracked HTTP Parameters">true</urn:Field>
        <urn:Field name="Transport Mode">2</urn:Field>
        <urn:Field name="Reference Duration">95</urn:Field>
        <urn:Field name="Reference Length">30</urn:Field>
        <urn:Field name="Require SSL/TLS">true</urn:Field>
        <urn:Field name="Outgoing Attribute Format">JSON</urn:Field>
        <urn:Field name="Incoming Attribute Format">JSON</urn:Field>
        <urn:Field name="Logout Mode">FRONT</urn:Field>
        <urn:Field name="Skip Host Name Validation ">false</urn:Field>
    </urn:Fields>
    <urn:AdvancedFields>
        <urn:Field name="Prefix Referenced Attributes">true</urn:Field>
        <urn:Field name="Ignore Untracked HTTP Parameters">true</urn:Field>
        <urn:Field name="Transport Mode">2</urn:Field>
        <urn:Field name="Reference Duration">95</urn:Field>
        <urn:Field name="Reference Length">30</urn:Field>
        <urn:Field name="Require SSL/TLS">true</urn:Field>
        <urn:Field name="Outgoing Attribute Format">JSON</urn:Field>
        <urn:Field name="Incoming Attribute Format">JSON</urn:Field>
        <urn:Field name="Logout Mode">FRONT</urn:Field>
        <urn:Field name="Skip Host Name Validation ">false</urn:Field>
    </urn:AdvancedFields>
    <urn:Tables/>
    <urn:ExtendedContractAttributes/>
    <urn:UniqueKeyField>subject</urn:UniqueKeyField>
    <urn:AttributeMapping>
        <urn1:AttributeMap Name="subject" Type="Adapter" Value="subject" xmlns:urn1="urn:sourceid.org:saml2:metadata-extension:v2"/>
        <urn1:TokenAuthorizationIssuanceCriteria xmlns:urn1="urn:sourceid.org:saml2:metadata-extension:v2"/>
    </urn:AttributeMapping>
</urn:AdapterConfiguration>