<?xml version="1.0" encoding="UTF-8"?>
<con:config xmlns:con="http://www.sourceid.org/2004/05/config">
    <con:item name="AutoCreateCertOnEngineNode">true</con:item>
    <con:list name="ActiveServerAliases">
        <con:ListItem>zpenynukmeyqoq0tvn0j68ply</con:ListItem>
    </con:list>
    <con:list name="ActiveAdminServerAliases">
        <con:ListItem>zpenynukmeyqoq0tvn0j68ply</con:ListItem>
    </con:list>
    <con:item name="DefaultActiveServerAlias">zpenynukmeyqoq0tvn0j68ply</con:item>
    <con:item name="DefaultActiveAdminServerAlias">zpenynukmeyqoq0tvn0j68ply</con:item>
</con:config>