<?xml version="1.0" encoding="UTF-8"?>
<con:config xmlns:con="http://www.sourceid.org/2004/05/config">
    <con:map name="IdpAuthnAdapterInstances">
        <con:item name="UsernamePassword">com.pingidentity.adapters.htmlform.idp.HtmlFormIdpAuthnAdapter</con:item>
        <con:item name="ConsentAdapter">com.pingidentity.pf.adapters.referenceid.IdpBackchannelReferenceAuthnAdapter</con:item>
        <con:item name="IdentifierFirst">com.pingidentity.adapters.identifierfirst.idp.IdentifierFirstAdapter</con:item>
    </con:map>
</con:config>