<?xml version="1.0" encoding="UTF-8"?>
<con:config xmlns:con="http://www.sourceid.org/2004/05/config">
    <con:item name="EnableEmailNotification">false</con:item>
    <con:item name="EnableEmailPasswordNotification">false</con:item>
    <con:item name="EnableCertificateExpirationNotification">false</con:item>
    <con:item name="EnableMetadataEventNotification">false</con:item>
    <con:item name="SMTPPort">25</con:item>
    <con:item name="SSLSMTPPort">465</con:item>
    <con:item name="Timeout"/>
    <con:item name="RetryAttempts">2</con:item>
    <con:item name="RetryDelay">2</con:item>
    <con:item name="UseSSL">false</con:item>
    <con:item name="UseTLS">false</con:item>
    <con:item name="VerifyHostname">false</con:item>
    <con:item name="UseDebugging">false</con:item>
    <con:item name="NotificationFrom"/>
    <con:item name="NotificationTo"/>
    <con:item name="NotificationCertificateExpirationTo"/>
    <con:item name="NotificationCertInitialEvent"/>
    <con:item name="NotificationCertFinalEvent"/>
    <con:item name="NotificationMetadataEventsTo"/>
    <con:item name="NotificationPublisherCertificates"/>
    <con:item name="NotificationPublisherLicensing"/>
    <con:item name="NotificationPublisherMetadata"/>
    <con:item name="NotificationPublisherAccountChanges"/>
    <con:item name="SmsProviderAccountId">AC26f7dae6c74972a87d7c4fff830c77ff</con:item>
    <con:item name="SmsProviderAuthToken">eyJhbGciOiJkaXIiLCJlbmMiOiJBMTI4Q0JDLUhTMjU2Iiwia2lkIjoiR1JkU1lOZ0FGcCIsInZlcnNpb24iOiIxMC4xLjAuOCJ9..clu21DR1OESYdiJ_v7fZew.x5boyxyVoHMssf3GWuOX7ZbQhKIcHQEB1w7sNza8ArzVmyvrpoghdeUOqPoSE-a7._U2HcoYuhGpbfFegm-NXmw</con:item>
    <con:item name="SmsProviderFromNumber">203 463 5764</con:item>
</con:config>